;link;title;origin_name;genre;year;rating
0;https://filmix.ac/films/triller/168290-temnyy-aktiv-2022.html;Темный актив;Dark Asset;Триллеры;2022;3
1;https://filmix.ac/series/drama/167643-asoka-2023.html;Асока;Ahsoka;Драмы;2023;825
2;https://filmix.ac/films/dokumentalenyj/168294-tutanhamon-poslednyaya-vystavka-2022.html;Тутанхамон: Последняя выставка;Tutankhamun: The Last Exhibition;Документальные;2022;0
3;https://filmix.ac/films/dokumentalenyj/168289-sudba-poteryannoy-podvodnoy-lodki-2009.html;Судьба потерянной подводной лодки;Lost & Found: The Search for USS Lagarto;Документальные;2009;1
4;https://filmix.ac/films/istoricheskie/168288-tayny-tretego-reyha-v-poiskah-bomby-gitlera-2015.html;Тайны Третьего рейха. В поисках бомбы Гитлера;Die Suche nach Hitlers Atombombe;Исторический;2015;0
5;https://filmix.ac/series/dokumentalenyj/168284-pytlivye-umy-naydzhel-latta-2018.html;Пытливые умы: Найджел Латта;The Curious Mind with Nigel Latta;Документальные;2018;0
6;https://filmix.ac/series/tvs/85186-golye-and-napugannye-scr-2013.html;Голые и напуганные;Naked and Afraid;Передачи с ТВ;2013;2668
7;https://filmix.ac/multseries/for_adults/8975-novi-4w-futurama-2010.html;Футурама;Futurama;Для взрослых;1999;13480
8;https://filmix.ac/films/drama/166628-korol-ulic-kinos-2023.html;Король улиц;Omar la fraise;Драмы;2023;12
9;https://filmix.ac/films/drama/167894-chuzhaya-2023.html;Чужая;;Драмы;2023;42
10;https://filmix.ac/series/komedia/140340-a-zavodchiki-2020.html;Заводчики;Breeders;Комедия;2020;713
11;https://filmix.ac/series/drama/153691-11s3-ubiystva-v-odnom-zdanii-2021.html;Убийства в одном здании;Only Murders in the Building;Драмы;2021;1491
12;https://filmix.ac/series/kriminaly/168170-zhenskoe-carstvo-2020.html;Женское царство;Królestwo kobiet;Криминал;2020;65
13;https://filmix.ac/series/komedia/167839-pervokursnicy-2023.html;Первокурсницы;;Комедия;2023;887
14;https://filmix.ac/series/kriminaly/168287-dlinnaya-ten-2022.html;Длинная тень;The Long Shadow;Криминал;2022;13
15;https://filmix.ac/series/drama/157685-u1666u-vremya-pobezhdat-rascvet-dinastii-leykers-2022.html;Время побеждать: Расцвет династии Лейкерс;Winning Time: The Rise of the Lakers Dynasty;Драмы;2022;447
16;https://filmix.ac/films/dokumentalenyj/168272-avstraliya-strana-kenguru-golubye-gory-2023.html;Австралия - страна кенгуру. Голубые горы;Australia. Hidden Wonders of The Blue Mountains;Документальные;2023;17
17;https://filmix.ac/films/dokumentalenyj/168273-avstraliya-strana-kenguru-bolshoe-nichego-2022.html;Австралия - страна кенгуру. Большое ничего;Australia. Existence in the Extremes;Документальные;2022;13
18;https://filmix.ac/films/drama/162389-vremya-armageddona-well-2022.html;Время Армагеддона;Armageddon Time;Драмы;2022;80
19;https://filmix.ac/films/drama/167403-do-togo-kak-ya-peredumal-2022.html;До того, как я передумал;Before I Change My Mind;Драмы;2022;29
20;https://filmix.ac/films/triller/168250-sem-odinnadcat-vechera-2023.html;Семь одиннадцать вечера;7:11 PM;Триллеры;2023;62
21;https://filmix.ac/films/triller/166122-gipnotik-2023.html;Гипнотик;Hypnotic;Триллеры;2023;2539
22;https://filmix.ac/films/uzhasu/98596-ono-ono-sleduet-za-toboy-it-follows-2014.html;Оно;It Follows;Ужасы;2014;524
23;https://filmix.ac/films/prikluchenija/166737-indiana-dzhons-i-koleso-sudby-2023.html;Индиана Джонс и колесо судьбы;Indiana Jones and the Dial of Destiny;Приключения;2023;2003
24;https://filmix.ac/films/triller/136930-perelom-vay-2019.html;Перелом;Fractured;Триллеры;2019;1870
25;https://filmix.ac/films/fantastiks/56415-tihookeanskiy-rubezh-dubl-2013.html;Тихоокеанский рубеж;Pacific Rim;Фантастика;2013;2793
26;https://filmix.ac/films/uzhasu/166221-bugimen-foccus-2023.html;Бугимен;The Boogeyman;Ужасы;2023;293
27;https://filmix.ac/films/uzhasu/167523-poslednee-puteshestvie-demetra-pakc-2023.html;Последнее путешествие «Деметра»;The Last Voyage of the Demeter;Ужасы;2023;1387
28;https://filmix.ac/films/triller/163759-nochnoy-poezd-2023.html;Ночной поезд;Night Train;Триллеры;2023;225
29;https://filmix.ac/films/drama/168265-nechto-pod-nami-2020.html;Нечто под нами;Beneath Us All;Драмы;2020;19
30;https://filmix.ac/films/triller/168267-terapiya-travmy-psihoz-2023.html;Терапия травмы: Психоз;Trauma Therapy: Psychosis;Триллеры;2023;7
31;https://filmix.ac/films/triller/168263-dom-lovushka-2023.html;Дом-ловушка;Accused;Триллеры;2023;24
32;https://filmix.ac/films/triller/167356-dva-tri-demon-pridi-2022.html;Два, три, демон, приди!;Talk to Me;Триллеры;2022;561
33;https://filmix.ac/films/prikluchenija/165140-tri-mushketera-dartanyan-duv-2023.html;Три мушкетёра: Д’Артаньян;Les trois mousquetaires: D'Artagnan;Приключения;2023;1237
34;https://filmix.ac/films/kriminaly/165935-forsazh-10-dikj-2023.html;Форсаж 10;Fast X;Криминал;2023;2122
35;https://filmix.ac/films/dokumentalenyj/168085-zimnee-voshozhdenie-na-everest-everest-zimoy-2017.html;Зимнее восхождение на Эверест (Эверест зимой);Everest, un reto sobrehumano (Winter in Everest);Документальные;2017;11
36;https://filmix.ac/films/drama/168078-erengard-iskusstvo-soblazneniya-2023.html;Эренгард: Искусство соблазнения;Ehrengard: The Art of Seduction;Драмы;2023;41
37;https://filmix.ac/films/boevik/167825-pogranichnaya-pantera-2022.html;Пограничная пантера;The Panther of the Border;Боевики;2022;11
38;https://filmix.ac/films/fantastiks/2608-dva-nulya-2004.html;Два нуля;Double zéro;Фантастика;2004;406
39;https://filmix.ac/films/komedia/22528-grecheskaya-smokovnica-griechische-feigen-1976.html;Греческая смоковница;Griechische Feigen;Комедия;1976;190
40;https://filmix.ac/films/melodrama/96238-x23x-polet-domoy-2014.html;Полёт домой;Flying Home;Мелодрама;2014;133
41;https://filmix.ac/films/triller/100445-zavisimost-oderzhimost-rog-2005.html;Зависимость;Rog;Триллеры;2005;30
42;https://filmix.ac/films/dokumentalenyj/168065-lyagushka-monstr-2014.html;Лягушка-монстр;Monster Frog;Документальные;2014;18
43;https://filmix.ac/films/drama/168066-evolyuciya-2023.html;Эволюция;Evrilish;Драмы;2023;28
44;https://filmix.ac/films/triller/166428-kentavr-dikj-2023.html;Кентавр;;Триллеры;2023;1087
45;https://filmix.ac/films/melodrama/167797-lyubov-sredi-zvezd-2022.html;Любовь среди звезд;Love Amongst the Stars;Мелодрама;2022;16
46;https://filmix.ac/films/triller/167759-ohota-na-korolya-2023.html;Охота на короля;King of Killers;Триллеры;2023;157
47;https://filmix.ac/films/drama/167794-tonya-2022.html;Тоня;Tonia;Драмы;2022;7
48;https://filmix.ac/films/melodrama/167937-druzya-na-nedelyu-2022.html;Друзья на неделю;Yi zhou de peng you;Мелодрама;2022;11
49;https://filmix.ac/films/drama/167863-sosedi-ponevole-2022.html;Соседи поневоле;Tenants;Драмы;2022;9
50;https://filmix.ac/films/triller/167841-smertelnyy-vecher-v-parizhe-2023.html;Смертельный вечер в Париже;Her Deadly Night in Paris;Триллеры;2023;27
51;https://filmix.ac/films/triller/167921-pesiy-klyk-2021.html;Пёсий клык;A diente de perro;Триллеры;2021;12
52;https://filmix.ac/films/komedia/168060-mazila-kupidon-2022.html;Мазила-купидон;Un Cupido sin Punteria;Комедия;2022;11
53;https://filmix.ac/films/drama/168058-vmeste-2022.html;Вместе;Spolu;Драмы;2022;11
54;https://filmix.ac/films/drama/168055-burnye-dni-2021.html;Бурные дни;May You Stay Forever Young;Драмы;2021;13
55;https://filmix.ac/films/drama/168061-zerkala-vo-tme-2021.html;Зеркала во тьме;Zrcadla ve tme;Драмы;2021;9
56;https://filmix.ac/films/komedia/168059-pyat-minut-i-nachinaem-2020.html;Пять минут, и начинаем;Thank You 5;Комедия;2020;6
57;https://filmix.ac/films/drama/168057-poslednyaya-volya-2021.html;Последняя воля;Rendir los machos;Драмы;2021;14
58;https://filmix.ac/films/drama/168054-neudachniki-2022.html;Неудачники;Marginalci;Драмы;2022;10
59;https://filmix.ac/films/uzhasu/168053-akula-yurskogo-perioda-3-morskaya-mest-2023.html;Акула Юрского периода 3: Морская месть;Jurassic Shark 3: Seavenge;Ужасы;2023;49
60;https://filmix.ac/films/kriminaly/168052-fristayl-bez-granic-2023.html;Фристайл: Без границ;Freestyle;Криминал;2023;14
61;https://filmix.ac/films/drama/168051-kogda-vse-snova-budet-tak-kak-nikogda-ne-bylo-2023.html;Когда все снова будет так, как никогда не было;Wann wird es endlich wieder so, wie es nie war;Драмы;2023;11
62;https://filmix.ac/films/drama/168050-molitva-2020.html;Молитва;The Prayer;Драмы;2020;20
63;https://filmix.ac/films/drama/145222-severnyy-veter-2020.html;Северный ветер;;Драмы;2020;860
64;https://filmix.ac/films/drama/21896-naiznanku-inside-out-2005.html;Наизнанку;Inside Out;Драмы;2005;115
65;https://filmix.ac/films/drama/10042-praga-prag-prague-2006.html;Прага;Prag;Драмы;2006;79
66;https://filmix.ac/films/fantastiks/152553-lost1-poselency-2021.html;Заложники Марса;Settlers;Фантастика;2021;516
67;https://filmix.ac/films/komedia/167355-moe-italyanskoe-leto-2022.html;Моё итальянское лето;Gli anni belli;Комедия;2022;25
68;https://filmix.ac/films/melodrama/167848-lyubov-kak-cvetok-2023.html;Любовь как цветок;The More Love Grows;Мелодрама;2023;31
69;https://filmix.ac/films/uzhasu/167840-paranormalnye-yavleniya-ritualnyy-dom-2022.html;Паранормальные явления. Ритуальный дом;#chadgetstheaxe;Ужасы;2022;28
70;https://filmix.ac/films/boevik/167760-gonschiki-na-drayve-2023.html;Гонщики на драйве;Manta, Manta - Zwoter Teil;Боевики;2023;172
71;https://filmix.ac/films/music/167761-devochka-nina-i-pohititeli-pianino-2023.html;Девочка Нина и похитители пианино;;Музыка;2023;78
72;https://filmix.ac/films/boevik/167838-khun-pan-2016.html;Кхун Пан;Khun phan;Боевики;2016;21
73;https://filmix.ac/films/drama/12802-devushki-s-kalendarya-calendar-girls-2003.html;Девочки из календаря;Calendar Girls;Драмы;2003;101
74;https://filmix.ac/films/kriminaly/8775-molchi-v-tryapochku-keeping-mum-2005.html;Молчи в тряпочку;Keeping Mum;Криминал;2005;300
75;https://filmix.ac/films/drama/93204-noch-temnyh-teney-night-of-dark-shadows-1971.html;Ночь темных теней;Night of Dark Shadows;Драмы;1971;47
76;https://filmix.ac/films/dokumentalenyj/167832-krovnaya-vrazhda-lev-protiv-buyvola-2014.html;Кровная вражда. Лев против буйвола;Blood Rivals Lion vs Buffalo: Buffalo Fortress;Документальные;2014;15
77;https://filmix.ac/films/drama/167831-o-chem-govoryat-neznakomcy-2023.html;О чем говорят незнакомцы;Bajo terapia;Драмы;2023;109
78;https://filmix.ac/films/dokumentalenyj/167824-akula-protiv-kita-2020.html;Акула против кита;Shark vs. Whale;Документальные;2020;16
79;https://filmix.ac/films/drama/156542-bezumnyy-azart-2-film-2021.html;Безумный азарт 2. Фильм;Kakegurui the Movie: Zettai Zetsumei Russian Roulette;Драмы;2021;66
80;https://filmix.ac/films/triller/167703-antigang-preemstvennost-airbag-2023.html;Антиганг: Преемственность;Antigang: La Relève;Триллеры;2023;192
81;https://filmix.ac/films/triller/167160-devichnik-uboynaya-noch-2023.html;Девичник: Убойная ночь;Fear the Night;Триллеры;2023;385
82;https://filmix.ac/films/drama/167830-zoloto-seliny-2022.html;Золото Селины;Selina’s Gold;Драмы;2022;47
83;https://filmix.ac/films/triller/167829-furgonschiki-2022.html;Фургонщики;Vandits;Триллеры;2022;8
84;https://filmix.ac/films/komedia/167801-kurinyy-restoran-2023.html;Куриный ресторан;CDR: The Movie;Комедия;2023;38
85;https://filmix.ac/films/triller/167798-ukradennye-vospominaniya-mamy-2023.html;Украденные воспоминания мамы;Mommy's Stolen Memories;Триллеры;2023;48
86;https://filmix.ac/films/komedia/167795-bolshoy-soblazn-2022.html;Большой соблазн;La Gran Seducción;Комедия;2022;21
87;https://filmix.ac/films/drama/167799-ten-2021.html;Тень;Sombra;Драмы;2021;14
88;https://filmix.ac/films/fjuntezia/167800-puteshestvenniki-2022.html;Путешественники;I viaggiatori;Фэнтези;2022;17
89;https://filmix.ac/films/triller/167813-tyuremschik-2023.html;Тюремщик;Jailer;Триллеры;2023;29
90;https://filmix.ac/films/komedia/167812-gavayi-2023.html;Гавайи;Hawaii;Комедия;2023;24
91;https://filmix.ac/films/triller/167816-velikiy-uravnitelnbsp3-2023.html;Великий уравнитель 3;The Equalizer 3;Триллеры;2023;737
92;https://filmix.ac/films/triller/167815-garmoniya-2022.html;Гармония;Harmony;Триллеры;2022;38
93;https://filmix.ac/films/triller/167814-zemlya-mafii-2023.html;Земля мафии;Mob Land;Триллеры;2023;139
94;https://filmix.ac/films/drama/167807-ditya-yarosti-2022.html;Дитя ярости;La hija de todas las rabias;Драмы;2022;13
95;https://filmix.ac/films/drama/167806-moe-edinstvennoe-zhelanie-2022.html;Мое единственное желание;À mon seul désir;Драмы;2022;27
